Sample,B.cells,CD4.Naive,CD4.Memory,CD8.Naive,CD8.Memory,CD8.Effector,Treg.cell,Th.cell,Monocytes.CD16,Monocytes.CD14,DC,pDC,NK,Plasma,Step1,Step2,Step3,Step4.T.cell.recruiting,Step4.CD4.T.cell.recruiting,Step4.CD8.T.cell.recruiting,Step4.Th1.cell.recruiting,Step4.Dendritic.cell.recruiting,Step4.Th22.cell.recruiting,Step4.Macrophage.recruiting,Step4.Monocyte.recruiting,Step4.Neutrophil.recruiting,Step4.NK.cell.recruiting,Step4.Eosinophil.recruiting,Step4.Basophil.recruiting,Step4.Th17.cell.recruiting,Step4.B.cell.recruiting,Step4.Th2.cell.recruiting,Step4.Treg.cell.recruiting,Step4.MDSC.recruiting,Step5,Step6,Step7
TCGA.4J.AA1J.01A.21R.A38B.07,0,0.191901273,0.188254308,0,0,0.020480076,0.036358554,0.199301087,0.224692123,0,0,0.134781652,0.004168883,6.20E-05,5.285,0.122,-3.117,-0.8,0.054,-0.64,-0.809,0.074,-0.538,-0.14,-1.074,2.018,0.086,-1.698,-0.799,0.918,0.338,-0.153,-0.989,-1.35,-0.602,0.918,-1.538
TCGA.BI.A0VR.01A.11R.A10U.07,0.087102006,0.059007833,0.346573014,0,0,0.007505153,0,0.246799327,0.021407367,0,0.04733793,0.180127164,0.00217611,0.001964098,5.593,-0.129,-0.734,3.204,2.338,2.849,1.78,1.726,-0.342,3.174,1.044,0.88,3.488,0.273,0.115,0.835,-0.261,-0.244,-1.554,-1.132,-0.731,-0.338,-0.703
TCGA.BI.A0VS.01A.11R.A10U.07,0,0,0.47179119,0,0,0.004892672,0,0.343257894,0,0,0.082998998,0.088640357,0.005752332,0.002666557,5.466,-1.319,-0.745,2.043,0.339,-0.33,0.348,0.849,0.74,0.348,1.135,-1.804,0.795,-0.476,0.205,-0.32,0.237,-0.264,-1.392,-1.18,-0.141,1.993,-2.022
TCGA.BI.A20A.01A.11R.A14Y.07,0.068721771,0.242938077,0.225952844,0,0,0.015045249,0,0.140576661,0,0,0.134543797,0.171748708,0,0.000472892,5.213,-0.04,1.835,3.05,2.679,2.435,2.1,1.217,0.758,2.208,1.091,-0.834,2.927,-1.449,-0.757,-0.272,0.098,-0.268,-0.61,-0.43,1.128,0.036,-1.668
TCGA.C5.A0TN.01A.21R.A14Y.07,0,0.049458169,0.411941479,0,0,0.00681306,0,0.305144151,0,0.071413991,0.087222729,0.060904544,0.004004138,0.003097739,5.253,1.31,-3.118,-0.916,-1.155,1.252,1.322,-0.463,-0.884,0.803,1.102,1.553,1.263,-1.97,-1.242,1.09,-1.213,-2.098,-1.816,-0.43,-1.768,1.165,-0.396
TCGA.C5.A1BE.01B.11R.A13Y.07,0,0.024248795,0.33252037,0,0,0,0,0.204176119,0.185321918,0,0,0.238263268,0.013919913,0.001549616,5.34,-0.379,-1.733,1.512,1.527,1.207,0.764,0.147,1.112,0.837,0.235,-0.89,1.91,-0.201,0.309,-0.878,-0.806,0.213,-0.414,-1.414,-1.207,-0.368,1.829
TCGA.C5.A1BF.01B.11R.A13Y.07,0.002423182,0.295883088,0.149359155,0,0,0.002960532,0,0.308835644,0,0.018580043,0.10780933,0.110182172,0.002794005,0.001172848,5.427,0.049,-1.753,0.93,-1.149,-0.248,0.918,-0.586,0.033,1.438,-0.495,1.503,-0.998,-1.091,-0.078,2.005,0.731,-0.982,-2.19,-0.689,-1.32,2.224,-0.498
TCGA.C5.A1BJ.01A.11R.A13Y.07,0,0.224639669,0.281352357,0,0,0,0.057221869,0.041690031,0.111883826,0.029484924,0,0.250475779,0.002783865,0.00046768,5.93,-0.201,0.057,1.597,1.361,1.511,0.603,1.097,0.05,0.808,0.207,4.337,1.131,-0.171,-0.202,1.604,1.297,-0.574,-0.776,-0.315,-0.668,0.704,1.208
TCGA.C5.A1BK.01B.11R.A13Y.07,0,0.124958261,0.348736195,0,0,0.022593015,0.000680215,0.164216095,0,0,0.194344131,0.138296848,0.005221279,0.000953962,5.628,0.737,-0.355,4.715,2.847,3.381,3.351,3.046,0.804,3.26,1.04,-0.094,4.899,-0.464,0.065,0.019,0.871,-1.424,-0.287,-0.794,0.43,2.072,0.412
TCGA.C5.A1BL.01A.11R.A13Y.07,0,0.231634134,0.311610428,0,0,0.004105682,0,0.200058786,0,0,0.092732314,0.153277671,0.004701554,0.00187943,5.754,0.072,1.361,1.93,1.203,2.1,1.745,0.593,-0.995,1.2,-1.304,1.062,2.747,-0.71,0.125,-0.662,-0.409,-0.435,-1.51,-0.557,-0.965,0.933,0.925
TCGA.C5.A1BM.01A.11R.A13Y.07,0.016439783,0.286243697,0.24274189,0,0,0.014171005,0.042165432,0.061841187,0,0,0.133961631,0.199575059,0.002240003,0.000620313,5.407,0.33,1.331,1.934,0.822,2.795,2.42,0.972,-1.086,2.666,0.107,0.492,3.41,-0.711,-0.276,-0.269,-0.144,-0.419,-1.891,-0.166,0.569,0.421,-0.492
TCGA.C5.A1BN.01B.11R.A14Y.07,0,0.154981305,0.227895803,0,0,0.013174491,0,0.438363708,0.057136259,0,0.040980308,0.059847154,0.004916126,0.002704845,5.207,0.199,-2.401,-0.348,0.96,0.601,1.037,-1.407,0.212,-1.212,0.806,-0.485,0.777,-0.97,-0.155,0.078,-0.908,-1.018,-1.105,-0.602,-0.967,0.849,-1.629
TCGA.C5.A1BQ.01C.11R.A213.07,0.053518763,0.154569408,0.124457893,0,0,0.013861781,0,0.276307473,0,0,0.111853983,0.259406697,0.006024002,0,5.818,-0.494,1.844,1.67,-0.417,1.654,1.869,0.87,0.202,2.511,-0.158,-2.004,3.347,-1.71,-1.376,-1.358,0.638,-2.146,-2.049,-0.951,-0.574,0.385,1.551
TCGA.C5.A1M5.01A.11R.A13Y.07,0.052783848,0.206257331,0.262338478,0,0,0,0,0.17243301,0.01482029,0,0.099972516,0.188899272,0.002079803,0.000415453,4.878,0.377,-0.747,2.864,1.887,2.042,1.053,0.944,0.254,0.973,0.283,-1.378,2.022,0.109,0.062,1.193,0.346,0.155,-1.162,0.345,-0.975,0.078,1.219
TCGA.C5.A1M6.01A.11R.A13Y.07,0.018365802,0.063540983,0.408751436,0,0,0.01063401,0,0.257332364,0.017597197,0.049189954,0.035975875,0.137590484,0.001021896,0,4.794,-0.917,-4.105,-1.06,0.245,-0.99,-1.775,-0.364,0.305,-0.512,0.89,3.832,-0.388,-0.851,-0.376,-0.842,-0.445,-0.949,-1.672,0.294,-2.977,1.614,-2.067
TCGA.C5.A1M7.01A.11R.A13Y.07,0,0,0.453701184,0,0,0,0,0.222708221,0.058751849,0,0.041790477,0.213848099,0.00920017,0,5.252,0.215,0.585,0.528,0.65,1.871,1.564,0.068,0.351,0.585,-0.705,2.721,1.098,-1.43,-0.269,1.298,-0.647,-0.476,-0.397,0.251,-1.267,2.481,-1.689
TCGA.C5.A1M8.01A.21R.A13Y.07,0.021561377,0.035803148,0.389517207,0,0,0.007418125,0,0.26799141,0.194882052,0,0,0.07639322,0.006433461,0,5.222,-0.735,-2.582,0.802,-0.573,0.608,-0.016,0.857,-0.006,-0.121,-0.272,-2.49,-1.038,0.133,0.67,0.367,0.678,0.124,-0.777,-1.592,-0.356,0.676,-1.47
TCGA.C5.A1MH.01A.11R.A14Y.07,0,0.194098379,0.317659818,0,0,0.019728741,0.051722585,0.020114851,0,0,0.191592944,0.199713544,0.001766308,0.00360283,5.47,-0.062,-0.68,3.815,2.583,3.182,3.019,2.278,0.327,3.409,1.318,0.985,4.685,-0.059,-0.575,-0.1,0.12,-0.388,-1.231,1.224,0.678,0.776,-0.613
TCGA.C5.A1MI.01A.11R.A14Y.07,0,0.255325313,0.308832351,0,0,0.009825248,0,0.242597946,0,0,0.070060081,0.111519907,0,0.001839154,5.364,-1.049,-0.876,1.479,1.116,-0.308,0.174,0.327,-0.955,0.563,-1.055,-1.902,0.172,-1.079,-1.308,-0.478,-0.438,-1.303,-1.289,-1.751,0.227,1.114,0.221
TCGA.C5.A1MK.01A.11R.A14Y.07,0.041541811,0.11029349,0.379558132,0,0,0.007605141,0,0.199003472,0.211935224,0,0,0.049350575,0.000712153,0,5.73,0.076,-1.354,1.243,0.38,1.915,1.143,0.257,-0.862,2.014,0.788,2.093,2.661,-0.159,-1.19,0.818,0.233,0.207,-0.517,1.376,-0.048,0.928,-0.254
TCGA.C5.A1ML.01A.11R.A14Y.07,0,0.194832521,0.317051876,0,0,0.017185812,0,0.209912179,0.125057722,0,0,0.132534935,0.003258218,0.000166737,5.524,-0.317,-0.098,-0.602,0.91,0.782,-0.798,-0.664,-0.971,0.397,-0.242,-0.345,0.306,-2.3,-1.366,-0.489,1.1,-0.811,-1.682,-0.566,-0.718,1.575,1.514
TCGA.C5.A1MP.01A.11R.A14Y.07,0.065206444,0.348967195,0.011243814,0,0,0.016529227,0,0.120807988,0.141810295,0,0,0.290570706,0,0.004864332,5.197,-0.077,1.979,2.504,2.593,1.55,1.165,0.795,0.848,1.511,0.849,0.737,1.85,0.971,0.531,0.174,-0.446,-0.616,-0.885,0.073,1.29,0.238,1.379
TCGA.C5.A2LT.01A.11R.A18M.07,0,0,0.314175075,0.115056175,0.064669651,0,0,0.422546713,0.002949123,0.004485851,0.001486506,0.073072435,0.000595135,0.000963337,5.074,-0.704,-0.406,2.445,0.404,1.431,0.54,1.978,-0.547,2.298,0.487,-0.008,1.931,-0.585,-0.514,-0.251,0.762,0.393,-0.368,-0.257,-0.525,0.428,0.39
TCGA.C5.A2LY.01A.31R.A18M.07,0.13968282,0.177463015,0.286737507,0,0,0.019225571,0,0.177533553,0.023318254,0,0.122325402,0.049142948,0.004570931,0,5.062,0.191,0.006,2.838,1.418,2.786,2.697,1.486,0.982,3.418,1.192,0.633,4.214,-0.592,-0.027,-1.106,0.485,0.192,-1.374,0.306,1.588,0.625,1.765
TCGA.C5.A2LZ.01A.11R.A213.07,0.060412552,0.282690506,0.181123142,0,0,0.005492374,0,0.222475655,0.019614178,0,0.056873882,0.16928661,0.001812723,0.000218379,5.822,-0.042,-0.403,1.012,0.681,0.951,0.639,0.525,1.028,1.294,-0.53,1.066,1.715,-1.827,-1.398,1.047,-1.194,-0.405,-0.914,-0.556,-1.203,1.945,0.123
TCGA.C5.A3HE.01A.21R.A22U.07,0.181001469,0,0.172708146,0,0,0.005807566,0,0.240826758,0,0,0.134512103,0.264762899,0.000381059,0,5.04,-0.436,2.25,1.247,-0.509,0.737,1.143,1.406,-0.449,2.564,-0.999,2.911,2.311,-0.488,-0.743,-1.174,-0.139,-1.823,-2.832,0.846,0.305,1.053,1.363
TCGA.C5.A3HL.01A.11R.A213.07,0,0.06433605,0.416362912,0,0,0.011363137,0,0.260570965,0.089962884,0,0,0.150066788,0.004744392,0.002592872,5.081,0.437,-2.521,-1.17,1.049,1.286,-0.089,0.565,-0.752,-0.031,0.638,0.721,0.463,-0.81,0.062,-0.295,0.26,-1.147,-1.838,-0.272,-1.224,0.449,0.996
TCGA.C5.A7CG.01A.11R.A32P.07,0.11874002,0.26734569,0,0,0.115049672,0.021833491,0,0.309887584,0.004888333,0,0.042616656,0.119638554,0,0,5.357,0.261,-0.92,3.847,2.417,3.679,3.322,2.427,-1.32,3.199,0.78,-1.096,4.602,-0.414,-0.035,0.785,0.456,-0.538,-1.667,-0.999,0.462,2.15,0.557
TCGA.C5.A7CH.01A.11R.A33Z.07,0,0.070914307,0.400527415,0,0,0.012719021,0.010015556,0.134810859,0.273746005,0,0,0.09528688,0.001152699,0.000827257,5.566,0.506,1.068,0.894,-0.092,1.389,0.902,1.372,-0.832,1.19,-0.985,1.063,1.993,-0.092,0.854,-1.279,1.327,-0.176,-1.266,0.856,-0.261,3.586,0.799
TCGA.C5.A7CJ.01A.11R.A32P.07,0.067263078,0.159867162,0.296059514,0,0,0,0,0.149724978,0.131930621,0,0,0.191014222,0.000996242,0.003144183,5.542,-0.921,-2.593,1.382,1.523,1.684,0.697,1.009,-0.273,1.702,0.673,2.75,1.481,0.403,-0.92,1.421,0.965,0.418,-0.567,-0.255,0.433,0.747,-0.206
TCGA.C5.A7CK.01A.11R.A32P.07,0,0.099847466,0.488378407,0,0,0.007286282,0,0.321283766,0.004897018,0.028418896,0,0.045364861,0,0.004523303,5.48,-1.324,-0.918,0.069,-0.775,0.483,-0.023,1.08,-0.65,-0.299,-0.276,0.611,1.076,-0.428,-0.584,0.032,-0.273,-1.866,-2.792,-0.614,-1.907,1.997,0.117
TCGA.C5.A7CL.01A.11R.A32P.07,0,0.374843162,0.268994482,0,0,0.003364296,0,0.053479244,0.097147588,0,0.083267323,0.114868461,0.002064151,0.001971293,6.009,0.809,-0.728,-1.023,-0.743,-0.207,1.179,-0.38,-0.452,1.63,-0.508,2.233,0.344,-0.95,-0.801,-0.247,1.382,0.145,-0.752,-1.086,-0.856,0.676,1.205
TCGA.C5.A7CO.01A.11R.A352.07,0.050237147,0,0.029298233,0.055731763,0,0,0,0.42482723,0.204101204,0,0.039610196,0.195597346,0.000596881,0,5.438,-0.092,-2.667,0.693,1.983,0.311,-1.219,-0.255,-0.985,0.659,0.25,-1.455,0.32,-1.94,-0.617,-1.412,-1.409,-0.854,-1.541,-0.55,0.001,1.886,1.144
TCGA.C5.A7UC.01A.11R.A352.07,0,0,0.336185702,0.060542287,0,0,0,0.348348554,0.123230252,0.039675725,0.035213954,0.029674008,0.025186054,0.001943464,4.997,0.478,-2.322,-1.098,0.486,0.897,-0.655,-0.929,-0.357,0.598,0.706,3.9,0.099,-1.803,-0.608,1.174,0.866,-0.881,-1.854,-0.556,-1.448,-0.366,0.869
TCGA.C5.A7UE.01A.11R.A33Z.07,0,0,0.423047946,0,0,0.013659183,0,0.218007895,0.232322023,0,0,0.107324081,0.003865633,0.001773239,5.178,-0.532,-0.247,-0.422,1.005,-1.203,-0.865,-0.785,-0.53,-1.214,-0.885,-1.252,0.646,0.136,1.107,-0.467,-1.299,-0.277,-1.342,-1.268,-0.597,0.705,2.113
TCGA.C5.A7UH.01A.11R.A352.07,0.03432826,0,0.258236733,0,0.010850658,0,0,0.419053414,0.170315237,0,0,0.106499455,0,0.000716243,5.394,-0.076,-0.902,-0.663,-1.29,-0.188,0.22,-0.423,0.253,0.98,1.315,-0.413,0.783,-1.187,-0.906,0.749,1.273,-1.127,-0.756,0.052,-0.532,2.335,0.423
TCGA.C5.A7UI.01A.11R.A36F.07,0.042742371,0.008218253,0.50615379,0,0,0.019448829,0.002669231,0.091289888,0.070191631,0,0.103843382,0.135102613,0.016390478,0.003949534,5.679,-0.019,-0.391,3.212,1.05,2.163,1.905,2.432,-1.138,2.464,0.557,0.999,3.421,1.067,0.172,-0.17,0.915,1.14,-0.209,0.082,-0.864,0.807,0.456
TCGA.C5.A7X5.01A.11R.A36F.07,0,0.134011131,0.379939386,0,0,0.021257437,0,0.318024681,0.094706272,0,0,0.047936964,0.003525403,0.000598727,5.847,-0.191,-1.404,-1.342,0.178,0.625,-1.499,0.769,0.022,0.47,-0.779,-1.173,-1.308,0.227,0.115,-0.763,-0.185,-1.636,-2.125,-1.172,-0.727,1.552,-1.335
TCGA.C5.A7XC.01A.11R.A38B.07,0,0.362854697,0.215768762,0,0,0,0,0.094182808,0.04159146,0,0.02671916,0.236728339,0.017934997,0.004219776,5.473,-0.822,-1.357,0.353,0.748,-0.61,-0.904,1.155,0.615,1.457,-0.655,1.236,0.244,-0.239,-0.202,-0.576,0.071,0.485,-0.848,-0.725,-1.065,0.362,-0.067
TCGA.C5.A8XH.01A.11R.A37O.07,0.004848444,0.041200368,0.483821631,0,0,0,0.081730151,0.032756339,0.025866596,0,0.103103907,0.218509974,0.007882919,0.000279672,5.955,0.276,-0.171,1.875,1.14,1.869,2.362,0.729,-0.336,2.25,-0.215,1.029,3.274,-0.235,0.14,0.549,-0.453,-1.086,-2.117,-1.062,-0.3,1.158,-0.095
TCGA.C5.A8XI.01A.11R.A37O.07,0.087344963,0.23308659,0.320551341,0,0,0,0.130631843,0,0.126929048,0,0,0.090275275,0.01009713,0.00108381,5.35,-0.372,-1.063,1.848,1.887,2.632,1.526,0.281,-0.401,1.307,1.059,1.001,2.361,-1.019,-0.57,0.216,0.066,-1.024,-1.814,-1.064,-0.323,-0.655,-0.45
TCGA.C5.A8XJ.01A.11R.A37O.07,0,0.309993235,0.16016237,0,0,0,0.010862785,0.123390639,0,0.002223748,0.063405536,0.326930776,0,0.003030912,5.733,-0.375,-1.302,-0.157,-0.974,0.121,0.737,-0.114,-1.105,1.599,0.046,-1.691,1.831,-2.279,-1.4,0.012,0.567,-1.363,-1.07,-1.244,-0.245,0.063,-0.017
TCGA.C5.A8YQ.01A.11R.A37O.07,0.106048532,0.082266911,0.053591081,0,0,0.000862921,0,0.473246139,0.15516422,0,0,0.128820197,0,0,4.955,0.259,-2.49,-0.519,-0.49,-1.093,-0.499,0.148,0.229,1.141,1.134,-0.912,-0.099,-0.983,-0.578,-0.178,0.021,-1.388,-2.974,0.799,0.906,2.934,0.434
TCGA.C5.A905.01A.11R.A37O.07,0.036178558,0,0.302277102,0,0,0.002104027,0,0.343284435,0.119089741,0.027394491,0,0.168682619,0.000989026,0,4.764,-1.081,-0.756,1.09,-0.194,-0.159,-0.82,-1.003,-0.698,0.744,0.305,-1.36,0.1,-0.733,0.19,-0.359,0.483,-0.126,0.075,-1.165,-1.411,1.81,-0.15
TCGA.C5.A907.01A.11R.A37O.07,0,0,0.515740438,0,0,0.001300621,0.053469591,0,0,0,0.258987718,0.149342345,0.01747151,0.003687776,5.529,-0.143,-0.482,0.236,-1.236,1.638,1.674,0.222,-0.37,1.399,0.38,3.188,2.003,-1.19,-1.446,-0.473,-0.081,-1.298,-1.843,0.279,-0.403,0.295,0.699
TCGA.DG.A2KK.01A.11R.A180.07,0.109636011,0.238923513,0.095469084,0,0,0.042799845,0,0.220100928,0.097629272,0,0,0.195441347,0,0,4.654,-0.528,-2.677,0.982,1.224,1.899,0.489,-0.146,-0.526,0.563,-0.049,3.641,1.78,-1.255,-0.928,-0.15,-0.854,-0.974,-1.403,-1.368,-0.61,1.086,2.238
TCGA.DR.A0ZL.01A.11R.A10U.07,0,0.040926415,0.421146585,0,0,0.015418835,0,0.192540093,0.093335594,0,0,0.232482857,0.002186174,0.001963447,4.806,-0.372,-2.174,-0.824,0.779,0.702,-0.52,0.953,-1.469,-1.029,-0.886,0.728,-0.262,-0.896,-0.39,-1.081,-1.244,-0.044,-0.841,-0.554,-1.177,-0.698,1.009
TCGA.DR.A0ZM.01A.12R.A10U.07,0.124953123,0,0.145591541,0,0,0.011188812,0,0.329100358,0.107927238,0,0.208434668,0.060431237,0.012373022,0,5.066,0.574,-0.819,4.216,2.629,3.088,2.949,2.261,0.872,2.735,0.748,0.741,4.201,-0.536,-1.279,-0.397,1.576,0.822,-0.531,-1.249,1.188,2.245,0.545
TCGA.DS.A0VL.01A.21R.A10U.07,0.097155494,0.002444233,0.298961826,0,0,0,0,0.249352351,0.105584908,0,0,0.226973785,0.019527403,0,5.244,0.178,-1.549,1.681,1.25,1.821,1.739,0.577,0.648,2.031,0.586,1.247,2.756,-1.267,-0.561,-1.356,-0.692,-0.412,-1.483,-0.578,0.058,-0.932,-0.561
TCGA.DS.A0VM.01A.11R.A10U.07,0,0.153526604,0.396806714,0,0,0.005541647,0,0.153526211,0.027073192,0.043023103,0.041484335,0.174004967,0.003667532,0.001345694,5.43,-0.167,-3.665,0.27,0.549,1.038,0.921,-0.44,0.716,0.543,-0.516,0.356,1.726,-0.499,0.198,1.084,-1.022,0.459,-0.977,-0.827,0.764,-0.395,0.696
TCGA.DS.A0VN.01A.21R.A10U.07,0,0,0.248388445,0,0,0.005895265,0.020146145,0.189614385,0,0,0.230218555,0.29011723,0.014375334,0.001244641,5.905,0.638,0.192,3.582,1.209,3.432,3.126,2.691,-0.721,3.751,0.598,-0.033,4.742,0.979,-1.267,-0.242,0.439,-0.141,-1.48,0.421,-0.279,1.872,1.122
TCGA.DS.A1O9.01A.11R.A14Y.07,0,0.174846165,0.300049146,0,0,0.013436873,0.078321616,0,0.141416804,0,0.03423161,0.25589972,0.00176609,3.20E-05,5.132,0.342,0.099,1.758,0.599,2.495,2.599,1.097,-0.195,3.673,0.692,-0.393,4.19,-1.218,-0.877,-1.215,-0.487,-1.169,-2.332,-0.82,0.164,0.685,-0.026
TCGA.DS.A1OA.01A.11R.A14Y.07,0.114249587,0.071577484,0.255333259,0,0,0.004875024,0,0.203879621,0.095314705,0,0.004737622,0.246968012,0,0.003064685,5.434,0.46,-0.098,2.617,2.475,2.546,2.016,1.044,0.938,1.445,0.867,-1.344,3.027,-0.96,-0.529,-0.245,-1.029,-1.089,0.476,-0.756,0.514,1.354,-0.885
TCGA.DS.A1OB.01A.11R.A14Y.07,0.013055588,0,0.35967638,0,0,0.020881736,0,0.312522296,0.14007623,0,0,0.149489255,0.003992769,0.000305747,5.607,-0.877,-2.656,-0.431,-0.155,1.594,1.206,-1.029,-1.098,0.406,-0.813,-0.791,1.222,-1.113,-1.175,-0.642,-0.108,-1.019,-1.291,-0.954,-0.645,1.023,-0.542
TCGA.DS.A1OC.01A.11R.A14Y.07,0.03714118,0.267195342,0.073160414,0,0,0.00932749,0,0.217575843,0.109564654,0,0,0.286035078,0,0,5.237,-0.527,-1.659,1.598,0.213,0.287,0.333,1.421,0.924,1.913,-1.071,-0.409,1.39,-1.294,-1.195,-0.912,-0.927,-1.191,-1.28,0.357,-0.441,1.819,1.371
TCGA.DS.A1OD.01A.11R.A14Y.07,0.082191326,0.135684382,0.357779646,0,0,0.0136452,0.142982868,0,0,0,0.084560323,0.178722433,0.004433822,0,5.514,0.104,-0.607,3.963,2.398,2.783,2.91,2.294,0,3.66,0.791,-0.354,4.353,-2.093,-1.457,-0.523,0.996,-0.775,-1.564,-1.848,-0.323,0.675,1.248
TCGA.DS.A5RQ.01A.11R.A28H.07,0.008496721,0.066439428,0.360433673,0,0,0.002558754,0,0.256952634,0.022100848,0,0.146431248,0.135142268,0.001444426,0,5.364,0.534,-3.062,1.06,1.246,2.114,0.877,0.309,-0.073,1.532,0.419,0.298,2.006,-0.893,-0.043,0.085,-1.497,-0.709,-2.136,1.239,0.533,-0.146,1.163
TCGA.EA.A1QS.01A.61R.A22U.07,0,0.264928977,0.292990414,0,0,0.016687152,0,0.171184127,7.16E-05,0.020418607,0.054796453,0.176677057,0.000442655,0.001802975,5.327,-0.537,-4.221,-0.31,0.417,0.027,-0.689,0.974,1.009,0.565,0.602,-1.162,0.311,-0.101,-0.353,0.472,-1.068,-0.452,-1.504,-1.086,-1.71,-0.355,0.501
TCGA.EA.A1QT.01A.11R.A14Y.07,0,0.12252825,0.21622364,0,0,0.018036037,0.003804801,0.339324822,0.140741443,0,0,0.155161111,0.004111677,6.82E-05,5.416,0.838,-2.038,0.145,-1.199,0.643,0.886,0.561,-0.899,1.301,-1.01,0.135,1.392,0.28,-0.511,-1.448,-1.492,-0.903,-0.841,-1.333,-1.923,1.188,0.093
TCGA.EA.A3HQ.01A.11R.A213.07,0.122602125,0.077885839,0.235864568,0,0,0.014061219,0,0.264342714,0.082148538,0,0.014385595,0.188709403,0,0,5.666,0.239,-1.973,1.664,0.832,1.217,1.452,1.266,0.976,1.775,-0.471,-0.775,2.06,-0.451,-0.099,-0.113,1.13,-0.001,-1.166,-0.675,0.453,1.812,1.86
TCGA.EA.A3HR.01A.11R.A213.07,0.062010971,0.207857604,0.270609206,0,0,0.019212636,0,0.252939233,0.12418629,0,0,0.063184061,0,0,5.102,0.931,-2.423,-0.895,1.765,-0.188,0.956,1.19,-0.984,-0.429,-0.635,-0.124,-0.838,-1.403,-0.315,-0.497,-0.048,-0.344,-1.654,0.42,-0.283,0.588,0.22
TCGA.EA.A3HS.01A.11R.A213.07,0.099115468,0.086088443,0.179133442,0,0,0,0,0.288741792,0.142984757,0,0,0.194703062,0.009233036,0,5.4,-0.538,-3.23,0.118,-0.049,0.466,0.802,0.209,1.016,1.423,-0.896,-1.477,0.978,-1.746,-1.525,-1.201,0.522,-0.903,-1.938,-0.78,-0.266,2.098,0.283
TCGA.EA.A3HT.01A.61R.A21T.07,0,0.283739721,0.215075195,0,0,0,0,0.189636116,0.071590062,0,0.052991183,0.18627682,0,0.000690903,5.723,-0.079,-2.614,0.36,0.546,1.295,-0.277,0.258,0.111,1.866,0.475,1.53,1.373,0.777,0.297,1.143,1.112,-0.451,-1.972,0.434,-0.434,0.402,0.458
TCGA.EA.A3HU.01A.11R.A213.07,0.006644813,0.240377345,0.414873426,0,0,0.0124403,0,0.076385131,0,0,0.066884576,0.159404901,0.018555399,0.004434109,6.032,-0.777,-1.564,3.099,1.409,3.812,3.007,2.228,-0.456,3.267,0.308,-1.779,4.505,-1.06,-1.54,0.967,-0.167,-1.8,-2.524,-1.025,-1.084,0.356,1.104
TCGA.EA.A3QD.01A.32R.A22U.07,0.148799793,0.174115238,0.269424532,0,0,0.036704885,0,0.192054158,0.02416831,0,0.08887467,0.065858415,0,0,5.331,-0.091,-0.814,4.668,2.569,2.99,3.187,3.201,-0.042,3.693,1.459,-0.641,4.744,-0.083,-0.831,0.45,0.812,-1.373,0.216,-1.146,1.804,2.402,0.29
TCGA.EA.A3QE.01A.21R.A21T.07,0,0.369714023,0.285643999,0,0,0.000996219,0,0.15208097,0.077703836,0,0.008779701,0.093406476,0.00600919,0.005665586,6.161,1.22,-0.253,3.984,2.678,3.626,2.927,2.457,-1.044,2.565,0.805,0.928,4.388,-1.329,-0.452,0.398,0.059,-1.147,0.113,1.305,-0.034,2.489,0.224
TCGA.EA.A411.01A.11R.A24H.07,0,0,0.297743727,0,0.164289647,0,0,0.179245906,0.072148497,0.049233434,0.029153241,0.199097179,0,0.009088369,5.03,-0.906,-1.688,0.92,2.405,-0.35,-1.433,-0.088,-0.143,0.507,1.064,0.886,0.011,-0.098,-0.892,-0.073,0.869,-0.162,-1.364,-1.604,0.234,2.164,0.848
TCGA.EA.A43B.01A.81R.A32Y.07,0.019374821,0.040141282,0.269510318,0,0,0.006861567,0,0.25865104,0.166958808,0,0.106171111,0.114996353,0.009203652,0.008131048,5.18,0.481,-0.371,2.255,0.42,1.65,2.005,1.847,0.757,2.927,-0.15,-0.624,2.614,0.955,0.863,-1.155,0.573,-0.609,-0.333,-1.596,0.188,0.669,-0.008
TCGA.EA.A44S.01A.12R.A26T.07,0.028153527,0.064603059,0.408906133,0,0,0.014701647,0,0.182711567,0.108689677,0,0.048251565,0.138193259,0.005606035,0.00018353,4.915,-0.359,-2.147,1.422,1.211,-0.074,-1.19,0.385,-1.472,1.356,-0.063,-0.842,1.115,-1.264,-0.444,-0.273,-0.531,0.841,-0.457,-0.977,0.226,0.297,-1.16
TCGA.EA.A50E.01A.21R.A26T.07,0,0,0.334062026,0,0,0.012151486,0,0.316916029,0.193839419,0,0,0.141674079,0.001006333,0.000350627,5.153,-0.537,-0.814,0.883,0.254,-0.131,-0.446,1.152,-1.372,2.139,-0.617,-0.04,0.773,-0.407,-1.291,0.681,1.078,-0.949,-2.427,-1.339,0.182,2.566,0.897
TCGA.EA.A5FO.01A.21R.A28H.07,0,0,0.333226218,0,0,0,0,0.402503304,0.026410791,0,0,0.235279846,0.000662258,0.001917584,4.213,-0.979,-4.748,-1.163,0.466,-0.256,0.481,-1.737,-0.72,-0.321,-1.135,-0.314,0.632,-2.966,-1.754,1.005,0.003,-1.464,-1.539,-1.187,-2.869,1.385,0.545
TCGA.EA.A5O9.01A.11R.A28H.07,0.008293586,0.078651274,0.41480116,0,0,0.006061293,0,0.158846321,0.057120578,0,0.167209585,0.100286897,0.008709199,2.01E-05,5.114,0.115,-3.319,0.141,-0.283,0.389,-0.404,-0.486,-1.483,1.257,-0.592,-0.069,1.069,-1.276,-0.643,1.089,0.589,0.91,-1.069,-0.542,-1.296,-0.156,-0.232
TCGA.EA.A5ZD.01A.11R.A28H.07,0.003087109,0.317742143,0.18264156,0,0,0.049620061,0,0.220409946,0.048739586,0,0,0.177759594,0,0,5.348,0.386,-2.344,1.833,1.734,2.687,2.008,0.267,0.227,0.864,0.254,0.335,2.135,0.1,-0.019,1.057,-0.431,0.543,-0.781,0.326,-0.648,1.167,1.128
TCGA.EA.A5ZE.01A.11R.A28H.07,0.089075096,0.108083864,0.335343066,0,0,0,0,0.160201791,0,0,0.078073153,0.229223029,0,0,5.22,0.095,-0.921,0.771,0.756,-0.237,0.294,0.419,0.095,1.566,-1.468,0.369,0.567,-1.026,-0.55,-0.906,1.306,-0.668,-1.525,-0.953,-0.074,1.228,1.778
TCGA.EA.A5ZF.01A.11R.A28H.07,0,0.269016987,0.293337166,0,0,0.009694886,0,0.174165494,0,0.071387974,0,0.179412277,0.000651979,0.002333237,4.309,-1.671,-3.737,0.489,0.171,0.388,-1.072,-1.339,-0.007,0.313,0.364,0.123,0.597,-0.068,-1.473,-0.584,-0.365,-0.32,-0.9,-0.53,-1.537,-0.2,-1.721
TCGA.EA.A6QX.01A.12R.A33Z.07,0.072497247,0.322863748,0.272256676,0,0,0.010416709,0,0.08999759,0.091190646,0,0,0.134783973,0.002351657,0.003641754,5.517,-0.44,0.319,0.236,0.789,0.64,0.569,0.22,-0.578,1.118,0.165,-0.931,1.386,-1.529,-0.634,0.344,-1.242,-0.293,-1.308,0.304,0.659,0.397,-1.722
TCGA.EA.A78R.01A.11R.A32P.07,0,0.128965376,0.441055096,0,0,0.0148859,0,0.117303759,0.132984919,0.007045677,0.004513473,0.148332638,0.004119017,0.000794145,5.459,0.443,-0.71,2.786,1.295,2.459,1.928,1.343,0.009,2.089,0.626,0.65,3.141,1.302,0.799,0.784,0.564,-0.81,-0.155,-0.766,0.09,0.114,-0.88
TCGA.EA.A97N.01A.11R.A38B.07,0,0.138081663,0.386228703,0,0,0.000269306,0,0.204705581,0.12207755,0,0.003472099,0.144510393,0,0.000654706,5.01,-0.162,-2.085,0.521,1.536,0.476,-0.101,-1.214,1.433,-0.926,-0.402,-0.319,-0.067,-1.256,-0.539,-0.527,-0.108,0.366,-1,-0.41,-1.833,-0.44,0.411
TCGA.EK.A2GZ.01A.11R.A180.07,0,0.367463941,0.241875888,0,0,0.011729596,0,0.178001989,0.113113054,0,0,0.085263412,0.001919012,0.000633109,5.402,-0.133,-2.012,0.833,0.21,0.706,-0.54,0.282,-1.108,1.477,-0.063,0.447,1.78,-1.202,-0.41,1.162,0.106,-0.61,-1.434,0.271,0.085,1.692,-1.354
TCGA.EK.A2H1.01A.11R.A180.07,0,0.051669932,0.417068021,0,0,0,0.025156092,0.146304135,0,0,0.32568165,0.019612164,0.010953794,0.003554211,5.913,0.342,1.602,3.261,0.641,2.75,2.337,2.519,0.075,3.683,1.34,3.387,3.94,-0.298,0.414,0.229,0.019,-0.969,-1.449,0.618,0.212,0.442,-0.151
TCGA.EK.A2PI.01A.11R.A18M.07,0,0.217207646,0.35212998,0,0,0.01682946,0,0.19144505,0.116199797,0.009414833,0,0.093930857,0.002127537,0.000714841,5.407,0.045,-2.068,1.009,-0.085,0.856,-0.861,-0.432,0.669,-1.195,-0.814,-1.154,0.296,-0.132,0.119,1.052,0.377,-0.947,-2.282,-1.631,-0.873,-0.165,-1.24
TCGA.EK.A2PK.01A.11R.A18M.07,0.124714933,0.197661513,0.230158433,0,0,0,0,0.253417681,0,0,0.064613927,0.083494221,0.045939293,0,5.369,-0.738,-0.721,1.894,-0.193,1.613,1.465,1.928,-1.261,3.582,0.03,2.111,3.071,-1.051,-1.163,-0.123,-0.288,0.5,0.405,-0.241,0.587,-0.636,1.024
TCGA.EK.A2PL.01A.11R.A18M.07,0,0,0.46417373,0,0,0.001513845,0,0.133570763,0.255681353,0,0,0.144590939,0,0.00046937,5.144,0.107,-0.521,-0.623,-1.248,-0.193,0.165,-0.459,-0.09,0.516,-1.194,0.349,0.427,-2.391,-1.497,-0.633,-0.586,-0.607,-1.321,-0.147,0.207,1.191,-2.434
TCGA.EK.A2PM.01A.11R.A18M.07,0,0.136856218,0.279552989,0,0,0.01935523,0,0.429222291,0.092993112,0,0,0.03920496,0.002628298,0.000186902,4.612,1.566,-1.485,-1.565,1.039,-0.671,-1.568,-0.917,0.841,0.419,-1.32,-0.413,-0.905,-0.268,-0.445,-1.46,0.306,-1.947,-2.411,-0.832,-1.735,3.653,-0.298
TCGA.EK.A2R7.01A.11R.A18M.07,0.106205467,0.155283993,0.153431445,0,0,0.035584049,0,0.327358836,0.021253766,0,0,0.199373373,0,0.001509072,5.145,-1.022,-0.108,2.639,2.251,0.658,0.177,1.315,0.57,1.278,0.235,0.94,1.472,-0.482,-0.942,-0.198,-0.224,-0.143,-0.924,1.241,-0.226,-0.708,-1.933
TCGA.EK.A2R8.01A.21R.A18M.07,0,0,0.384195683,0,0,0,0,0.38183074,0.040739601,0,0.063869226,0.122412653,0.004460741,0.002491355,5.656,-0.949,-1.89,-0.233,-1.236,0.701,1.701,-0.275,-0.334,0.554,0.647,3.23,1.94,0.843,-1.031,0.386,-0.933,-1.64,-2.246,0.002,-1.61,0.542,0.254
TCGA.EK.A2R9.01A.11R.A18M.07,0.157621952,0.052708242,0.107555667,0,0,0.017835124,0,0.376549461,0,0,0.143559117,0.144170437,0,0,5.383,0.484,-0.023,2.65,1.925,1.408,1.646,0.993,0.575,2.913,0.858,-1.676,2.892,-1.604,-0.987,-1.072,-0.628,-0.332,-1.891,-1.756,-0.908,0.675,-0.396
TCGA.EK.A2RA.01A.11R.A18M.07,0.022780611,0.25186025,0.262678047,0,0,0.008261823,0,0.198082514,0.090873847,0,0.033581103,0.124597017,0.007284788,0,5.266,0.531,-0.609,2.762,2.313,2.719,2.639,0.794,1.006,1.993,0.119,0.868,3.789,-1.881,-1.551,-1.379,0.163,0.167,-0.282,-1.093,0.024,1.769,-0.824
TCGA.EK.A2RB.01A.11R.A18M.07,0.067286396,0.094924412,0.313646495,0,0,0.02069982,0,0.184908577,0.234587699,0,0,0.071152572,0.012794029,0,5.053,-0.7,-2.193,-0.887,-0.645,0.077,-0.646,-0.717,-1.423,0.519,-1.44,0.435,0.643,-0.586,-0.104,0.642,-0.912,-0.208,-1.484,-0.591,-0.374,1.913,-1.735
TCGA.EK.A2RC.01A.11R.A18M.07,0.06697807,0.21410465,0.23288712,0,0,0.006112742,0,0.153465969,0.210177185,0,0,0.105369959,0.010904305,0,5.283,0.493,-1.743,1.091,1.259,1.305,0.103,0.604,-0.638,1.37,0.495,0.378,1.477,-1.28,-0.456,0.409,1.287,-0.988,-1.31,0.261,1.281,-0.121,-1.125
TCGA.EK.A2RK.01A.11R.A18M.07,0.01699929,0,0.32662997,0,0,0.000410287,0,0.370911743,0.039611058,0,0.058633065,0.185871846,0.000932741,0,5.289,-0.012,-2.966,2.438,1.443,2.122,2.483,0.395,1.213,0.858,0.146,-2.435,3.208,-1.637,-0.684,-0.467,0.284,-0.073,-0.585,-1.346,-0.818,0.56,0.222
TCGA.EK.A2RO.01A.11R.A18M.07,0,0.045125452,0.365201102,0,0,0,0.037686905,0.144586858,0.173787165,0.027172968,0.046995762,0.140663374,0.017904132,0.000876282,5.742,-0.435,-1.745,1.472,1.979,0.914,-0.549,0.823,-0.101,2.491,1.055,0.646,1.606,0.273,-0.78,0.683,-1.367,-0.383,-1.834,-1.031,-0.818,0.602,-1.331
TCGA.EK.A3GJ.01A.21R.A213.07,0.124924366,0.058639889,0.310272615,0,0,0.011219063,0,0.249814769,0,0,0.128167021,0.116962277,0,0,5.445,0.398,1.193,2.255,0.823,3.283,2.846,1.159,-0.686,2.816,0.69,-0.102,4.413,0.154,-0.893,-0.143,0.078,-0.997,-2.261,-0.451,-0.232,0.357,1.123
TCGA.EK.A3GN.01A.11R.A213.07,0,0.092122687,0.445811034,0,0,0.015801664,0,0.291681178,0.017912453,0.026247723,0,0.107978041,0.001757407,0.000687814,5.056,-0.601,-0.258,-1.97,-1.37,0.434,-1.271,-0.487,-0.223,0.619,-0.568,0.879,-1.321,-1.273,-0.214,1.149,0.59,-1.131,-1.659,-0.484,-2.707,3.347,-1.315
TCGA.EX.A1H5.01A.31R.A13Y.07,0,0.179563652,0.425044152,0,0,0.021916783,0,0.127416531,0.030028872,0.006853009,0,0.188870963,0.004989838,0.015316201,5.109,0.305,-1.292,0.356,1.444,-0.004,-0.556,-0.985,0.948,-0.657,0.019,-0.123,0.151,-0.221,0.485,-1.203,1.035,-0.973,-0.304,-1.396,-2.008,0.272,0.498
TCGA.EX.A3L1.01A.11R.A32Y.07,0,0,0.494774365,0,0,0,0,0.150488691,0.222532992,0,0.019591627,0.093893043,0.0098807,0.008838582,4.723,2.07,-2.922,0.736,0.452,-0.347,-0.086,1.507,0.369,2.357,0.298,4.751,-0.23,0.562,-1.239,0.671,-1.009,0.615,0.217,0.976,-0.352,0.455,0.189
TCGA.EX.A69L.01A.11R.A32P.07,0,0.190115118,0.292436727,0,0,0.02685015,0,0.157889114,0.069257901,0,0.082534455,0.177735674,0,0.003180861,5.91,0.694,-0.052,2.078,1.249,3.66,2.759,0.988,-0.999,2.835,0.414,0.172,4.172,-0.777,-0.452,0.105,0.116,-0.34,-1.184,-0.392,0.882,1.003,-0.864
TCGA.EX.A69M.01A.11R.A32P.07,0.023167644,0.300966235,0.311745732,0,0,0.013233093,0.014282709,0.015106725,0.044654336,0,0.102615319,0.167783198,0.001105428,0.005339582,4.918,0.474,-0.442,2.396,1.469,2.792,2.099,1.45,-0.877,2.788,0.36,1.789,3.781,-0.418,-1.297,0.192,-0.639,-0.215,-0.82,-0.751,0.342,0.995,0.319
TCGA.FU.A23L.01A.11R.A16R.07,0.026594392,0.20244936,0.394526371,0,0,0.025651032,0,0.058815345,0.06138392,0,0.034168056,0.186278202,0.009876026,0.000257295,4.47,-0.125,-0.517,2.114,2.15,2.671,2.214,0.784,0.973,2.45,0.691,0.911,3.342,-1.23,-0.388,-0.477,-0.797,0.452,-0.186,-0.636,0.878,-0.228,-0.329
TCGA.FU.A2QG.01A.11R.A18M.07,0.015129663,0.189969371,0.2362962,0,0,0.014292805,0,0.333717061,0.094942952,0,0,0.105221287,0.010430661,0,5.256,-0.603,0.054,-0.831,-0.642,0.28,0.744,-0.159,-0.643,0.964,-0.864,0.46,1.62,-0.867,-0.636,-1.16,0.278,0.745,-0.093,-0.738,-1.199,2.583,1.252
TCGA.FU.A3HY.01A.11R.A21T.07,0,0.130929879,0.273837559,0,0,0.009311709,0,0.343894202,0.116145465,0.033262335,0,0.090055492,0.001950162,0.000613197,5.351,0.115,-2.178,-0.778,-0.708,-1.159,0.609,0.086,1.373,0.531,0.232,1.222,0.817,-1.4,-0.562,1.122,-0.171,1.19,0.028,-0.635,-0.925,0.112,-0.521
TCGA.FU.A3NI.01A.11R.A21T.07,0,0.165614945,0.101247384,0,0,0.00331469,0,0.397426377,0.128689499,0,0,0.203507002,0,0.000200104,5.357,-0.124,-1.436,0.852,0.849,-0.238,0.444,-0.191,-0.641,0.141,-0.023,-0.589,0.735,-1.164,-0.44,-1.1,1.092,-0.346,-1.19,-1.461,-0.122,2.11,-0.348
TCGA.FU.A3TQ.01A.11R.A22U.07,0,0.087373993,0.368899812,0,0,0.002869594,0,0.198125386,0.06628904,0,0.099628065,0.17298096,0.003346586,0.000486565,5.753,-0.179,-1.498,0.237,1.682,1.671,0.372,-0.317,0.337,-0.451,-0.728,0.823,0.729,-0.316,-0.377,0.611,0.566,0.549,-0.401,0.337,-1.153,0.407,1.618
TCGA.FU.A3TX.01A.11R.A22U.07,0.164424291,0.149767903,0.105824544,0,0,0.034078945,0,0.332693109,0.053529102,0,0,0.159682106,0,0,4.731,0.617,-0.587,0.615,1.827,1.001,-0.358,-0.417,0.259,2.26,-0.261,-0.16,0.714,-1.24,-0.411,0.859,-1.26,-0.794,-2.131,-0.518,-2.092,2.298,1.538
TCGA.FU.A3WB.01A.11R.A22U.07,0,0.128230612,0.385246062,0,0,0.022620862,0,0.240645486,0.049860409,0,0.064188249,0.103275465,0.004041642,0.001891213,5.382,-0.688,-3.125,0.025,0.235,-0.131,-1.118,0.077,0.904,-0.17,0.505,-0.963,-0.211,-0.108,-0.925,-0.848,-0.571,-0.622,-1.565,-1.482,-1.779,1.053,-0.934
TCGA.FU.A3YQ.01A.11R.A22U.07,0.010510062,0.227724607,0.383110296,0,0,0.008256015,0,0.087130528,0.012443891,0,0.139472421,0.120418713,0.003306142,0.007627324,5.867,0.245,1.789,2.732,1.872,3.025,2.455,1.577,0.703,2.003,0.516,1.693,3.192,0.681,0.99,2.152,-0.786,-0.743,-1.751,0.181,-0.422,1.676,-1.041
TCGA.FU.A5XV.01A.11R.A28H.07,0,0,0.361573082,0,0,0,0,0.27107965,0.182212922,0.001137845,0,0.170966591,0.010499661,0.002530249,4.994,-1.12,-2.243,-0.501,-0.121,0.029,-0.943,-0.71,-1.417,-0.109,-1.263,-0.06,-0.133,-0.154,0.554,-1.172,-0.878,0.555,-0.301,-0.224,-0.688,-0.254,-0.406
TCGA.GH.A9DA.01A.21R.A37O.07,0.011020014,0,0.446674198,0.042779656,0,0,0,0.116924263,0.227249107,0,0.011570457,0.122194068,0.021588238,0,5.193,1.055,-2.044,0.153,-0.069,0.382,-0.901,0.946,0.245,2.251,-0.799,1.533,-0.11,-0.383,0.108,0.154,-1.175,0.579,-0.321,0.468,-0.556,0.092,-0.368
TCGA.HG.A2PA.01A.11R.A213.07,0,0.305195641,0.294183601,0,0,0.010794255,0,0.106978075,0.036313715,0,0.035903655,0.199885841,0.005997192,0.004748026,5.402,0.282,-0.699,1.229,1.017,1.266,-0.309,0.889,-0.037,1.595,0.467,3.303,1.136,-0.676,-0.28,0.439,-1.398,0.116,-0.971,-0.607,-1.705,-0.832,-1.043
TCGA.HM.A3JJ.01A.21R.A21T.07,0.001920384,0.009817758,0.396967081,0,0,0.004336463,0,0.225184194,0,0,0.21419151,0.138330092,0.004397058,0.004855459,5.444,-0.127,-2.775,1.842,2.417,2.085,1.884,0.529,0.11,1.412,0.542,-0.585,2.804,1.078,1.323,-0.586,1.261,0.877,-0.61,-0.701,0.015,0.37,1.31
TCGA.HM.A4S6.01A.11R.A26T.07,0.02767103,0.054086827,0.358954142,0,0,0.016643204,0,0.208444344,0,0,0.111787993,0.215329555,0.007082905,0,5.645,0.253,1.741,2.096,1.593,2.467,2.127,0.582,0.969,1.883,-0.068,-1.067,3.322,-1.054,-1.601,-0.853,-0.179,-0.878,-1.216,0.152,0.167,0.539,0.414
TCGA.IR.A3L7.01A.21R.A213.07,0.036680507,0,0.178869335,0,0.072607351,0,0,0.338249143,0.170430757,0,0,0.203162906,0,0,4.259,0.116,-3.245,-0.164,0.623,0.241,-1.735,0.464,-0.213,0.694,-1.012,0.038,-0.289,-0.421,0.497,0.405,-0.657,-0.848,-1.669,-1.733,-1.332,0.292,-2.837
TCGA.IR.A3LC.01A.11R.A213.07,0.017509823,0.290870713,0.235510573,0,0,0,0,0.20637435,0.089123284,0,0,0.145498907,0.01511235,0,5.293,-0.888,-2.486,-0.937,0.398,-1.319,0.572,-0.149,0.367,0.942,-1.366,-0.835,-0.569,-0.267,0.599,-1.412,0.122,-0.851,-1.797,-0.62,-0.15,1.192,-1.268
TCGA.IR.A3LK.01A.12R.A213.07,0.104707278,0,0.174045027,0,0.111244589,0,0,0.359849346,0.041089752,0,0,0.209064007,0,0,5.996,-0.623,-1.977,2.065,0.368,2.016,2.276,1.684,0.468,3.255,0.545,0.442,3.72,-0.616,-0.175,-1.324,-0.274,-1.909,-1.632,-1.011,0.133,2.138,-0.796
TCGA.IR.A3LL.01A.11R.A213.07,0.086525615,0.020338878,0.240850789,0,0,0,0,0.360990803,0.118664565,0,0.049210487,0.094275883,0.02914298,0,5.902,0.361,-0.832,3.166,1.696,3.317,3.072,1.701,0.932,3.184,0.618,-1.911,4.644,-1.367,-1.01,-0.51,0.874,-0.042,-1.504,-1.545,0.473,2.262,1.019
TCGA.JW.A5VG.01A.11R.A28H.07,0.019007429,0,0.516574962,0,0,0,0,0.086939973,0,0,0.163805576,0.171306945,0.042365115,0,5.208,0.149,-2.531,1.886,0.281,2,2.08,2.121,0.596,3.453,0.811,0.812,3.494,-1.009,-0.874,0.135,-0.826,-1.444,-1.418,0.168,-1.354,0.499,0.787
TCGA.JW.A5VI.01A.11R.A28H.07,0,0,0.390255442,0,0,0,0,0.197747428,0.165859572,0,0,0.232719053,0.005954572,0.007463932,5.068,-0.828,-2.242,1.176,1.871,1.061,0.905,0.293,0.304,0.802,-0.426,0.692,1.6,-0.462,-1.09,-1.227,1.233,-0.498,-0.925,-0.388,-0.481,0.763,0.271
TCGA.JW.A5VJ.01A.11R.A28H.07,0.092106977,0.004466302,0.298637002,0,0,0.01237274,0,0.279993449,0.240245927,0,0,0.069909055,0.002268549,0,4.845,-0.555,-2.265,-0.433,0.355,0.252,-0.029,-1.227,1.152,-0.623,0.385,-1.153,-0.05,-1.296,-0.981,1.064,-1.292,-0.638,0.47,-0.416,0.674,1.184,-1.153
TCGA.JW.A5VK.01A.11R.A28H.07,0.000107056,0.153163149,0.31606228,0,0,0.024682294,0,0.276038272,0.170085821,0,0,0.057228902,0.002524768,0.000107459,4.62,-0.338,-1.309,0.113,-1.138,0.082,-1.793,0.807,-0.469,-0.042,-1.185,-0.124,0.208,-0.653,-0.535,-0.961,0.81,0.023,-1.342,0.175,-2.058,0.102,1.521
TCGA.JW.A5VL.01A.11R.A28H.07,0.007086598,0.114746546,0.288594702,0,0,0,0,0.166053164,0,0,0.312035412,0.093235184,0.018248393,0,5.381,-0.453,-0.424,1.568,0.793,2.319,2.166,0.356,0.203,2.128,0.021,-1.082,3.406,-0.56,0.356,0.223,0.09,-0.52,-1.612,0.284,-0.573,1.313,0.411
TCGA.JW.AAVH.01A.11R.A38B.07,0,0,0.275682542,0,0,0,0,0.179238858,0.185741712,0.026050946,0,0.332398453,0,0.000887489,4.846,-0.127,-0.412,1.047,0.899,0.833,-1.095,-1.235,-0.676,-1.028,-0.776,-0.345,-1.549,-1.5,-0.488,-0.702,-0.22,1.11,0.514,-0.859,-0.548,0.322,1.615
TCGA.JX.A3PZ.01A.11R.A32Y.07,0.106807551,0.052764203,0.269190771,0,0,0.00597064,0,0.251907704,0.012559691,0,0.205504237,0.090028181,0.005267023,0,5.533,1.437,0.444,0.099,-0.796,1.256,0.547,0.899,0.425,3.286,-0.081,2.065,1.578,0.686,-0.012,0.131,-1.274,-0.473,-1.858,0.209,-0.153,1.34,-0.882
TCGA.JX.A3Q0.01A.11R.A32Y.07,0.107996629,0.205950168,0.150126324,0,0,0.022121588,0,0.192236193,0.035107825,0,0.042486255,0.241492489,0.00248253,0,5.552,0.136,1.798,1.256,1.153,2.635,2.178,0.343,0.598,2.471,0.737,0.074,3.632,-2.175,-1.621,-1.192,-0.667,0.197,-0.712,-0.508,0.741,1.091,-0.287
TCGA.JX.A5QV.01A.22R.A28H.07,0.04340902,0.106692886,0.326317385,0,0,0.002737805,0,0.229748481,0.060496491,0,0.102410973,0.123901636,0.004285322,0,4.825,0.071,-3.773,1.547,0.911,-0.095,0.012,0.373,-0.631,1.112,-0.925,-0.491,1.309,-1.644,-0.839,0.772,0.182,0.553,-1.076,-0.467,-0.005,0.352,-0.111
TCGA.LP.A4AU.01A.32R.A32Y.07,0,0,0.426541992,0,0,0,0.092035172,0.112818364,0.218080222,0,0,0.117971135,0.026933005,0.005620109,5.205,-0.373,-2.781,0.108,-1.502,0.702,0.969,0.681,1.16,1.12,-1.335,3.057,1.461,-0.188,-0.484,-0.653,1.084,-0.172,-2.026,0.843,-1.071,-0.71,0.151
TCGA.LP.A5U3.01A.11R.A28H.07,0.043632454,0.26572964,0.274027661,0,0,0.007740128,0,0.151552971,0.089698554,0,0.049401205,0.111173115,0.007044272,0,5.584,0.425,-1.233,1.615,0.802,2.36,2.298,0.24,0.493,2.091,0.745,1.135,3.543,-0.547,0.301,0.337,0.323,0.416,-0.495,-0.656,0.436,0.234,-0.875
TCGA.MA.AA3W.01A.11R.A38B.07,0.071428649,0.082386025,0.263882363,0,0.035625312,0,0,0.193840759,0.098616981,0,0,0.252284564,0.001569427,0.000365921,5.787,0.335,-0.931,4.27,3.017,3.513,2.63,2.632,-0.783,3.399,1.198,0.655,4.339,-0.68,-0.317,0.777,0.416,0.414,-0.185,-0.749,0.094,2.021,-0.099
TCGA.MA.AA3X.01A.22R.A42S.07,0.009500286,0.252382728,0.250170806,0,0,0.00528228,0,0.220514149,0.146172189,0,0,0.113066888,0.002898067,1.26E-05,5.268,-0.616,-0.689,-0.246,-0.819,0.13,-1.068,0.938,-1.296,2.053,0.325,-0.891,0.451,1.177,0.713,-0.1,0.632,-1.013,0.605,0.161,1.184,2.559,-0.484
TCGA.MA.AA3Y.01A.11R.A38B.07,0,0.005288535,0.192538757,0,0,0,0.132733455,0,0,0,0.546531725,0.116865295,0.004023596,0.002018637,5.901,1.37,-0.59,3.21,1.235,2.838,2.867,2.563,-0.943,3.192,0.663,2.978,3.847,0.075,0.709,-0.242,-0.291,-0.866,-1.636,1.147,-0.962,-0.523,0.092
TCGA.MA.AA3Z.01A.11R.A38B.07,0.014813103,0.055571535,0.22922203,0,0,0.000376004,0,0.250062862,0.105277199,0,0.108093236,0.22692929,0.00965474,0,5.623,0.057,-0.048,1.328,1.291,2.305,1.994,0.101,-0.176,1.808,0.295,-1.053,3.354,-1.873,-1.024,-0.033,-0.485,0.979,0.077,-0.518,-0.468,-0.686,0.564
TCGA.MA.AA41.01A.11R.A38B.07,0.055878458,0.114873576,0.314161271,0,0,0.011376404,0,0.306219454,0.141462489,0,0,0.056028348,0,0,6.401,0.265,-1.899,0.694,0.927,1.523,2.314,-0.718,0.122,0.329,-1.31,0.981,2.639,-2.003,-1.126,-0.463,-1.427,-0.092,-1.305,-1.253,-0.03,2.142,-1.019
TCGA.MA.AA42.01A.12R.A38B.07,0,0.372929772,0.232942995,0,0,0.044052066,0.012363977,0.07030743,0.037606761,0,0.053001483,0.171309433,0.001596876,0.003889207,5.971,0.768,-1.522,4.343,2.826,4.291,3.053,2.514,0.444,3.893,1.144,-1.306,4.963,-1.203,-0.652,1.257,1.213,0.417,-0.332,-0.891,1.056,2.674,1.774
TCGA.MA.AA43.01A.11R.A42T.07,0,0.057441912,0.304242034,0,0,0.003917836,0,0.317201878,0.136359779,0.006184898,0,0.170307221,3.79E-05,0.00430652,5.524,-0.617,-1.056,0.803,-0.188,1.288,0.949,0.159,-0.854,2.288,1.385,2.204,2.393,-1.625,-0.442,0.033,1.384,-0.305,-1.482,1.192,-2.294,1.489,0.013
TCGA.MU.A51Y.01A.11R.A26T.07,0.000694941,0.253110775,0.32025154,0,0,0.012753482,0.020305266,0.05857674,0.038779688,0,0.126330534,0.165490789,0.002826352,0.000879892,5.037,0.33,-0.352,3.183,2.955,2.884,2.205,1.265,-1.098,0.643,-0.195,-1.44,2.917,-0.703,-0.813,0.997,-0.573,-0.904,0.4,0.119,0.667,0.465,-0.883
TCGA.MU.A8JM.01A.11R.A36F.07,0,0.135274547,0.411261302,0,0,0,0,0.128930859,0.077022664,0,0.120749058,0.118067238,0.005269022,0.003425311,5.9,0.142,-0.729,0.123,-0.029,-0.779,-0.445,-0.144,0.359,0.381,0.761,2.255,-1.2,-1.268,-0.486,0.495,0.885,0.622,-0.805,-0.302,-1.308,0.951,0.343
TCGA.MY.A5BD.01A.11R.A26T.07,0.0157893,0,0.392934334,0,0,0.00929335,0,0.33418677,0,0,0.013734862,0.231387608,0.002673777,0,4.544,-0.381,-2.759,-1.337,0.414,-0.058,0.248,-1.414,-0.139,-0.882,0.785,1.195,-0.867,-2.777,-1.732,0.174,1.408,-1.026,-2.319,-1.457,-1.95,0.314,0.236
TCGA.MY.A5BF.01A.11R.A26T.07,0.039006162,0.13252467,0.300888648,0,0,0.017799979,0,0.196304258,0,0,0.227513058,0.085122615,0.00084061,0,5.185,0.865,1.997,1.848,0.603,2.487,2.351,0.552,-1.287,1.253,-0.936,-0.612,3.376,-1.207,-1.013,-0.618,0.185,-1.026,-1.671,-1.031,-1.666,-0.076,0.414
TCGA.MY.A913.01A.11R.A37O.07,0,0,0.434525898,0,0,0,0,0.231711318,0.028960134,0.078009579,0,0.220273087,0.004242825,0.002277158,5.341,0.743,-1.097,1.805,0.956,2.17,2.269,1.649,-0.144,2.509,1.012,1.4,3.246,0.598,-1.556,-0.202,-0.812,-0.35,-0.946,0.964,-1.692,0.715,-0.945
TCGA.Q1.A6DW.01A.11R.A32P.07,0.066714827,0.274703092,0.193237748,0,0,0,0,0.252171522,0.094259956,0,0.008075526,0.103815505,0.007021825,0,5.635,0.051,-2.101,0.517,-0.377,-0.133,0.731,1.046,-0.002,-0.638,1.039,-1.246,-1.177,-1.538,-1.185,-0.14,0.892,-0.962,-2.212,-0.978,-1.166,2.046,0.695
TCGA.Q1.A73O.01A.11R.A32P.07,0.01844478,0,0.437971021,0,0,0,0,0.246453893,0.038994792,0,0.175961376,0.076049309,0.006124829,0,5.775,0.213,-1.111,0.916,0.443,3.227,2.587,0.462,-0.469,2.499,0.665,2.206,3.485,-0.848,-0.298,-0.823,-1.239,-1.167,-2.004,0.349,-1.386,0.625,0.076
TCGA.Q1.A73Q.01A.21R.A32P.07,0,0.199967728,0.543897144,0,0,0,0,0.095130876,0.039319853,0.006565846,0,0.094595938,0.017891526,0.00263109,5.214,0.42,-0.464,-0.513,0.522,-1.375,-0.086,-0.385,1.356,-0.341,-0.143,-0.297,-1.134,-1.329,-1.017,-0.858,0.584,-0.001,-1.224,-0.693,-0.627,0.929,-1.978
TCGA.R2.A69V.01A.11R.A32P.07,0.074059431,0.081677627,0.364596118,0,0,0.01505081,0,0.195446542,0.078986399,0,0.080367188,0.093611648,0.016204237,0,5.41,0.552,-0.642,4.634,2.554,3.397,3.227,3.327,0.382,3.605,1.326,-0.032,4.764,0.157,0.063,0.129,1.095,-0.466,0.677,-0.239,1.815,2.991,0.837
TCGA.RA.A741.01A.11R.A33Z.07,0.273487184,0.068550509,0.157867631,0,0.049173482,0.013268551,0,0.215245107,0.077184716,0,0,0.145222819,0,0,5.295,0.161,2.469,2.051,1.497,1.262,1.226,1.169,-0.127,2.586,1.523,-0.461,2.656,0.077,0.375,0.852,-0.563,0.39,0.378,-0.124,1.291,-0.188,-0.705
TCGA.UC.A7PD.01A.11R.A352.07,0,0,0.350150756,0,0,0,0,0.34022801,0.193953064,0,0.05797671,0.036661938,0.020512257,0.000517265,5.801,0.416,-0.844,-0.904,0.9,1.253,-0.223,-1.09,-0.237,0.143,0.186,1.161,0.141,-0.698,0.535,-0.882,0.84,-0.712,-1.243,-0.518,-0.565,1.364,1.286
TCGA.UC.A7PF.01A.11R.A352.07,0.09442346,0.186400297,0.303255285,0,0,0.01788754,0,0.08652859,0.030273882,0,0.07077799,0.207140639,0.000617334,0.002694983,5.398,0.194,-2.313,2.562,2.093,2.677,2.356,1.165,1.074,1.505,-0.062,-2.282,3.362,-1.65,-1.16,-0.304,-0.095,-0.363,-1.557,-0.974,0.625,0.927,0.737
TCGA.UC.A7PG.01A.11R.A42S.07,0.190827665,0.091694682,0.187478948,0,0.023457036,0,0,0.132819361,0.268808029,0,0,0.104914279,0,0,5.444,-0.76,0.202,-0.832,-0.465,0.124,-0.116,-0.922,0.906,0.983,-0.665,-0.598,0.571,0.035,0.745,-1.148,0.653,-0.288,-1.43,0.266,-0.058,2.005,-1.619
TCGA.VS.A8EB.01A.11R.A36F.07,0.115018505,0.204690833,0.198254865,0,0,0,0,0.358884813,0.037657617,0,0,0.077691184,0.007802183,0,5.833,0.215,-1.771,-0.886,1.289,1.147,0.707,-0.099,0.167,1.443,0.823,0.836,1.105,-0.633,-1.877,-0.892,0.849,-1.646,-1.916,-0.632,-1.288,1.622,0.694
TCGA.VS.A8EG.01A.11R.A36F.07,0,0,0.457013143,0,0,0.01611509,0,0.157097481,0.155264415,0,0,0.208234554,0.003856692,0.002418625,5.321,0.452,-1.63,0.303,0.6,-0.12,-0.177,0.598,-0.013,1.155,-1.455,0.078,0.787,-2.263,-1.016,-0.583,-0.057,-0.147,-0.655,-0.254,-1.271,1.073,0.986
TCGA.VS.A8EH.01A.11R.A36F.07,0.021741366,0.13195743,0.232726444,0,0,0,0,0.20458621,0.184164265,0,0,0.224824285,0,0,5.098,-0.733,1.521,-2.012,0.965,-1.244,-1.411,0.395,-0.216,-1.166,-1.33,-1.525,-0.92,0.745,-0.991,-0.754,-0.288,-0.669,-1.918,-1.052,0.098,2.466,0.731
TCGA.VS.A8EI.01A.11R.A37O.07,0,0,0.492750251,0,0,0.002409478,0,0.183897382,0.134327616,0,0,0.129816509,0.005240578,0.051558187,5.676,0.489,-0.094,2.568,1.743,2.01,2.048,1.303,0.473,1.942,0.384,0.106,2.952,-0.241,-0.017,-1.215,-0.429,-0.883,-1.051,-1.3,-0.699,0.965,-1.064
TCGA.VS.A8EK.01A.12R.A37O.07,0,0.002544592,0.316116308,0,0,0.004109763,0,0.431697176,0.129459712,0,0,0.111111362,0.002086124,0.002874962,5.641,-0.608,-0.907,0.483,-0.694,-0.289,-1.405,1.055,-0.27,-0.263,0.556,-0.579,-1.266,-0.392,-0.045,-0.833,0.491,0.189,-0.163,-0.798,-0.124,2.005,1.726
TCGA.VS.A8EL.01A.11R.A37O.07,0.024963785,0.028671519,0.290500157,0,0,1.44E-05,0,0.317603968,0.173918858,0,0.037489478,0.109782099,0.017055694,0,6,0.149,-0.919,3.041,0.885,2.033,2.341,2.277,0.203,3.06,-0.787,0.937,3.529,-0.856,0.066,0.8,0.934,0.138,-1.314,-1.156,0.453,0.519,1.791
TCGA.VS.A8Q8.01A.11R.A37O.07,0,0.226542794,0.148953767,0,0,0.003674069,0.043170458,0.022014205,0,0.155479813,0.281953766,0.11324771,0.001942791,0.003020627,5.848,0.185,-0.54,2.95,1.318,2.661,2.178,1.894,-0.444,2.941,0.922,1.846,3.463,-1.517,-0.946,-0.916,0.631,0.66,-0.818,0.507,-0.492,-0.035,-0.776
TCGA.VS.A8Q9.01A.12R.A37O.07,0,0,0.610551481,0,0,0,0.096840348,0,0.153547961,0,0.01653581,0.101368749,0.02115565,0,5.444,0.004,-0.064,-1.472,1.091,0.435,0.752,1.221,-1.042,-0.633,-0.649,-1.41,0.311,-0.556,0.592,-1.095,-1.33,-1.528,-2.303,-1.557,-1.022,2.578,0.683
TCGA.VS.A8QA.01A.11R.A37O.07,0.003294009,0.241911224,0.267113875,0,0,0.035895684,0,0.116479276,0,0,0.253995581,0.08125935,0,5.10E-05,5.473,-0.639,-4.049,-0.376,0.739,0.457,-0.199,-1.255,-0.133,-0.278,-0.655,1.128,1.086,-3.143,-2.729,-0.872,-1.353,-1.481,-1.31,-1.726,-1.673,-0.478,1.713
TCGA.VS.A8QC.01A.11R.A37O.07,0.079361524,0.128932766,0.271627005,0,0,0,0,0.180045444,0.269900281,0,0,0.060479733,0.009210572,0.000442674,5.946,-0.092,-0.317,-1.288,-0.961,-1.153,-0.982,-0.956,0.271,0.099,0.86,0.024,-0.059,-0.727,-0.598,0.625,0.626,-1.212,-1.916,-0.931,-0.552,1.699,0.234
TCGA.VS.A8QF.01A.21R.A37O.07,0.07570547,0.170463747,0.254373273,0,0,0.009111368,0,0.225020048,0.144618818,0,0,0.117853707,0,0.00285357,5.255,-0.101,-0.309,1.456,0.73,0.452,1.081,0.99,-0.112,2.5,0.249,-0.879,1.774,-1.236,-0.972,0.968,-1.192,0.966,-0.047,-0.491,0.437,2.268,1.43
TCGA.VS.A8QM.01A.11R.A37O.07,0.078330195,0.294572652,0.163165507,0,0.037458899,0.028272428,0,0.235328689,0.042777353,0,0.003438971,0.116655306,0,0,5.533,0.021,1.179,3.686,2.543,2.669,1.931,2.081,-1.386,1.772,0.932,-0.169,2.817,-0.205,0.392,1.204,0.102,1.087,0.552,0.545,0.857,0.804,-0.698
TCGA.VS.A94W.01A.12R.A37O.07,0.017459742,0.058393844,0.134359817,0,0.037235831,0,0,0.438880106,0.070500538,0,0.042714836,0.199664872,0,0.000790415,5.44,0.59,-1.491,3.607,2.173,3.398,2.824,2.481,-0.173,2.62,-0.553,-0.872,3.904,-1.185,-0.469,0.273,-0.253,-0.644,-1.261,-0.047,-0.569,-0.264,-0.134
TCGA.VS.A94X.01A.11R.A38B.07,0.085975297,0.165267214,0.251009795,0,0,0.014090937,0,0.283034326,0.051114417,0,0.011740434,0.137767581,0,0,5.327,0.108,-1.692,-1.435,-0.595,1.454,1.017,-1.066,-0.796,1.296,-1.079,1.615,1.087,-1.478,-0.514,1.092,1.234,-1.343,-2.498,-0.273,-0.397,0.89,0.222
TCGA.VS.A94Y.01A.11R.A38B.07,0.007942881,0.061813575,0.431348482,0,0,0,0,0.181105573,0.103037436,0,0.114075055,0.093197139,0.007479859,0,5.518,1.208,-1.077,-1.261,1.011,-0.149,-0.864,-0.223,0.108,1.735,0.968,3.238,0.325,0.177,-0.06,-0.39,-1.339,-0.521,-1.795,0.85,-1.174,1.579,2.542
TCGA.VS.A94Z.01A.11R.A38B.07,0.025221531,0.032071105,0.403343513,0,0,0.020400605,0,0.118300925,0,0.052108689,0.187950975,0.146848898,0.011753431,0.002000327,6.203,-0.208,-1.38,2.575,0.15,2.12,2.278,2.445,-0.025,3.243,1.161,-1.088,3.365,-1.649,-1.546,-1.016,0.117,-1.609,-1.992,-0.711,-0.325,0.776,1.81
TCGA.VS.A950.01A.11R.A42T.07,0,0.035640341,0.375022792,0,0,0,0,0.121026132,0.161113291,0,0.123271164,0.148715167,0.010806264,0.024404849,5.576,-0.104,0.936,1.283,-1.364,-0.231,-0.663,-1.211,-0.361,0.277,0.916,1.893,-0.294,-0.327,-0.549,0.156,0.84,-0.312,-0.646,0.345,-1.063,2.212,1.234
TCGA.VS.A953.01A.11R.A38B.07,0.087590105,0,0.30671434,0,0,0,0,0.351887714,0,0,0.216326691,0.036345221,0.001135929,0,5.338,0.545,-1.247,0.02,-1.109,1.289,0.665,0.588,-0.206,2.293,-1.338,0.667,2.266,-2.238,-0.928,-1.219,-1.488,-1.274,-2.231,-0.679,-2.079,1.736,-0.004
TCGA.VS.A954.01A.11R.A38B.07,0.140387797,0,0.326644068,0,0,0.000685593,0,0.438482385,0.017878515,0,0,0.075921642,0,0,5.421,-0.879,-0.257,-0.332,-0.948,-0.725,0.154,-0.327,-1.032,0.855,0.939,-2.754,0.719,0.365,0.852,0.616,-0.89,-0.867,-1.593,-1.89,-0.701,2.954,-0.691
TCGA.VS.A957.01A.11R.A42T.07,0.087254131,0.173633908,0.211690012,0,0,0,0,0.193176696,0.126241598,0,0,0.204633489,0.003370167,0,4.614,0.201,-3.828,0.476,-0.377,1.089,-0.139,1.196,0.396,-0.501,-1.312,-1.154,-1.11,-2.249,-0.749,-1.298,0.309,0.86,-0.419,0.734,-0.799,-1.067,0.97
TCGA.VS.A958.01A.11R.A42T.07,0.039174813,0.231214642,0.21665919,0,0,0.005922706,0,0.289448115,0.018005183,0,0.05803395,0.129458361,0.007604944,0.004478096,5.183,0.256,-1.465,2.585,1.134,2.822,2.852,1.469,0.2,3.418,0.732,1.181,4.138,-0.467,-0.759,-1.318,0.256,0.516,-0.427,0.236,-0.028,0.341,1.056
TCGA.VS.A959.01A.11R.A42T.07,0.143145107,0.148581255,0.282526465,0,0,0.017220977,0,0.200075777,0.084458183,0,0,0.119841505,0.004150732,0,4.834,-1.413,-1.744,0.501,1.101,0.489,0.009,-0.303,-0.536,0.175,-0.473,2.177,1.21,-1.865,-1.051,-0.944,-1.468,-0.961,-1.191,-1.393,-0.264,-0.653,0.501
TCGA.VS.A9U5.01A.11R.A42T.07,0,0.424840764,0.058063006,0,0,0.012747991,0,0.334380945,0.005855244,0,0.015914249,0.144436764,0,0.003761036,5.164,-0.403,-1.653,2.557,2.33,2.097,0.407,1.107,-0.242,1.093,0.305,-0.592,2.108,0.075,0.544,0.346,-0.739,0.016,-0.497,-1.283,-0.922,0.663,-1.432
TCGA.VS.A9U6.01A.11R.A42T.07,0,0.154546561,0.273527954,0,0,0.002104191,0,0.139541516,0,0,0.16129813,0.26715454,0,0.001827109,5.242,-0.569,-1.095,0.377,-0.114,1.149,-0.431,0.724,0.301,2.194,0.773,0.558,1.052,-0.451,-0.505,0.366,1.031,-0.346,-1.246,-0.194,-0.016,0.818,1.811
TCGA.VS.A9U7.01A.11R.A42T.07,0.062511221,0.089396616,0.357468885,0,0,0.027541603,0,0.181593777,0,0,0.138318395,0.143169502,0,0,5.66,0.231,-0.5,2.872,1.818,2.656,2.282,1.947,0.655,3.033,0.802,-0.636,3.9,-0.78,-0.917,-1.207,-0.31,0.015,-1.124,-0.045,-0.062,0.517,-0.692
TCGA.VS.A9UB.01A.22R.A42T.07,0,0,0.219292289,0,0,0,0,0.311938735,0,0,0.316285615,0.133388106,0.018523001,0.000572255,5.179,0.576,-1.135,2.526,0.338,3.299,2.726,2.782,-0.693,4.028,0.885,2.299,4.304,0.447,-1.412,-0.726,1.387,-0.902,-0.881,-0.479,0.288,3.005,0.127
TCGA.VS.A9UD.01A.11R.A42T.07,0,0.186637399,0.287990848,0,0,0.065636261,0,0,0,0.045913519,0.229684408,0.176452053,0.005131852,0.00255366,5.439,0.124,-0.754,3.606,2.236,3.789,3.184,1.91,-1.423,3.682,2.211,-1.12,4.87,-0.019,-1.269,-0.78,0.644,-0.947,0.641,-0.552,0.572,2.382,1.043
TCGA.VS.A9UH.01A.11R.A42T.07,0,0.122186181,0.275477474,0,0,0.039206736,0.09708186,0,0,0.023912203,0.275319833,0.137737819,0.013679623,0.015398272,5.641,0.5,0.2,2.986,1.557,3.078,2.9,1.686,0.375,3.902,1.91,-0.718,4.564,1.074,-0.489,-1.099,0.85,-0.977,-1.626,-0.63,0.02,3.481,-0.088
TCGA.VS.A9UI.01A.11R.A42T.07,0.004076258,0.06841311,0.380368698,0,0,0.005664547,0,0.23085683,0,0,0.145472023,0.163138346,0.001672081,0.000338107,5.517,-0.6,-1.11,1.814,2.338,2.108,1.761,0.637,0.113,1.687,0.469,-0.674,2.939,-1.987,-1.778,0.341,-1.308,0.668,-0.084,-0.961,0.205,0.946,-0.053
TCGA.VS.A9UJ.01A.11R.A42T.07,0,0,0.460246131,0,0,0.003906907,0,0.31528363,0.049994871,0,0.088449076,0.077157989,0.002040896,0.002920499,4.417,-1.232,-1.305,-2.007,0.678,-1.157,-2.315,-1.311,-0.37,-1.098,-0.529,0.97,-0.924,0.15,0.748,0.439,-0.775,-1.077,-0.943,1.215,-1.852,3.114,-1.565
TCGA.VS.A9UM.01A.11R.A42T.07,0.018093378,0.297204138,0.188774513,0,0,0.016826287,0,0.139295107,0.091124228,0,0,0.244971087,0,0.003711261,5.652,-0.262,-1.246,0.932,0.751,0.406,-0.137,0.731,0.452,1.516,-0.324,-0.097,1.436,-1.366,-1.535,-0.711,1.327,-0.57,-1.186,0.375,-0.269,1.432,-0.418
TCGA.VS.A9UU.01A.11R.A42T.07,0.130346788,0,0.142088013,0,0.017322272,0,0,0.377829382,0.194150951,0,0,0.13568364,0.002578954,0,5.373,0.175,0.076,-0.784,0.023,-0.132,-0.613,-1.216,-0.754,-0.464,-1.293,-1.405,-0.263,-1.138,-0.384,-0.813,-1.101,-0.462,-1.311,-0.458,-0.873,2.132,2.097
TCGA.VS.A9UV.01A.11R.A42T.07,0,0.18217282,0.30155349,0,0,0.026501924,0,0.203080353,0.057361188,0.002392768,0,0.223043125,0,0.003894332,4.701,0.44,-1.478,1.01,-0.294,-1.05,-0.141,0.446,-0.03,1.158,0.58,0.851,0.564,-1.424,-0.767,0.144,-1.145,-0.897,-1.621,0.136,-1.805,1.317,-0.801
TCGA.VS.A9UY.01A.11R.A42T.07,0,0.111925102,0.411013355,0,0,0,0,0.110266556,0.051457445,0,0.1450192,0.157017182,0.010415784,0.002885374,5.97,1.414,-1.017,0.903,-0.571,1.19,0.115,0.853,0.068,2.732,-0.155,1.975,1.636,-1.699,-0.951,-0.705,0.562,-0.851,-1.096,1.164,-0.299,1.014,-1.425
TCGA.VS.A9V2.01A.11R.A42T.07,0.058878239,0.207609435,0.214490214,0,0,0.016883566,0,0.183559356,0.036828347,0,0,0.281338724,0.000412119,0,5.461,-0.008,-0.358,2.755,1.954,2.31,1.63,1.404,-0.618,1.785,0.224,0.042,3.034,1.092,-1.557,-0.059,-0.807,0.426,-0.6,1.053,0.244,0.689,-0.492
TCGA.VS.A9V3.01A.11R.A42T.07,0.018239562,0.207380266,0.274797464,0,0,0.003651282,0,0.205002178,0.017221775,0,0.10002745,0.171264145,0.001432234,0.000983645,5.789,-0.401,-0.094,0.562,1.913,1.61,1.101,-0.559,-0.212,1.133,0.357,0.322,2.114,-0.785,-0.404,1.111,1.276,-0.36,-0.817,0,0.512,1.049,1.776
TCGA.VS.AA62.01A.11R.A42T.07,0.013225562,0,0.400940416,0,0,0.007397897,0,0.152839773,0,0,0.250292055,0.166461976,0.005805733,0.003036587,5.296,0.497,-0.106,3.159,1.197,3.823,2.848,2.607,0.337,3.308,0.777,3.748,3.989,-0.516,-0.271,0.53,0.142,-0.698,-1.628,-0.176,-0.557,0.369,0.018
TCGA.XS.A8TJ.01A.11R.A36F.07,0,0.260698972,0.21678692,0,0,0.022811037,0,0.165089531,0.033203575,0,0.043224949,0.252476141,0.004561507,0.001147368,5.33,0.326,-2.426,2.118,2.369,2.139,1.212,0.02,-1.113,-0.035,-0.238,-0.291,1.911,0.901,-1.464,-0.086,-0.006,-0.858,0.847,-0.922,-0.25,-1.222,0.322
TCGA.ZJ.A8QR.01A.11R.A37O.07,0,0,0.414678186,0,0,0.001013653,0,0.203577521,0.224593198,0,0,0.146089028,0.008873773,0.001174643,5.816,1.239,-1.919,1.053,-0.464,-0.797,-0.865,-0.63,1.05,0.001,0.302,1.921,-0.8,-1.778,-0.68,0.994,0.444,0.333,-0.899,-0.671,-0.714,2.729,1.22
TCGA.ZJ.AAX4.01A.11R.A42T.07,0.025999792,0.239895732,0.303259448,0,0,0.016138142,0,0.143210376,0.049242127,0,0.074150257,0.148104125,0,0,5.581,-0.056,-2.214,2.514,1.726,1.138,0.763,1.703,0.47,2.326,0.115,-0.176,2.583,-0.072,0.682,-0.562,-1.111,-0.955,0.297,-0.34,0.996,3.327,-0.203
TCGA.ZJ.AAX8.01A.11R.A42T.07,0.039520434,0,0.297141252,0,0.044332258,0,0,0.283664792,0.009425366,0,0.140768571,0.184959645,0,0.000187681,5.846,0.075,0.95,1.138,1.256,2.14,0.791,0.671,-0.068,2.06,-0.389,-0.174,2.124,-1.157,-0.854,0.967,-0.957,0.629,-0.136,-0.432,-0.578,0.171,0.857
TCGA.ZJ.AAXA.01A.11R.A42T.07,0,0,0.3898314,0,0,0.008687298,0,0.302539564,0.017729934,0,0,0.279183215,0.001475909,0.00055268,4.79,1.313,-0.414,-0.823,0.927,1.22,-0.474,-0.787,0.045,-0.242,-0.396,-3.535,-1.32,-1.354,-0.458,0.503,0.337,0.212,-0.585,-0.977,0.232,3.139,-1.463
TCGA.ZJ.AAXD.01A.21R.A42T.07,0.040303882,0.220393151,0.079203461,0,0.060022365,0,0,0.370978272,0.103760805,0.001786058,0,0.123552006,0,0,5.376,-0.716,-0.153,-1.465,1.358,-0.85,-0.745,1.09,1.38,-0.132,0.76,-0.554,-1.255,-0.56,-0.439,-0.48,0.002,-0.596,-1.547,-0.782,-1.321,0.987,-0.72
TCGA.ZJ.AAXF.01A.31R.A42T.07,0.130493415,0.061154358,0.120127169,0,0.143314308,0.008833931,0,0.323693382,0.059668595,0,0,0.152714843,0,0,5.122,0.151,0.733,2.659,1.714,1.475,1.575,1.467,0.704,1.306,-0.848,-1.03,2.001,-0.732,0.118,0.19,0.156,1.098,-0.103,0.069,0.293,2.684,-0.071
TCGA.ZJ.AAXJ.01A.11R.A42T.07,0.024733744,0.047633959,0.464141979,0,0,0.004251048,0,0.143755038,0.150206933,0,0.116802584,0.043009043,0.003691582,0.001774089,5.305,0.077,-1.32,0.527,0.395,-0.019,-0.878,-0.9,-0.594,-0.3,-1.241,0.486,-0.322,-0.471,-0.418,0.333,0.682,-0.827,0.074,-1.5,0.222,-0.407,0.108
TCGA.ZJ.AAXN.01A.11R.A42T.07,0.121444932,0.018537271,0.255086289,0,0.014405325,0,0,0.338674339,0.050871419,0,0.103978225,0.081843781,0.01515842,0,5.433,0.364,0.437,0.146,-1.538,2.296,2.322,0.911,0.051,2.318,-0.953,1.439,2.578,-0.97,-0.074,-0.405,1.19,-1.067,-2.39,-0.03,-1.263,1.52,0.95
TCGA.ZJ.AAXT.01A.11R.A42T.07,0.001021165,0,0.213097107,0,0,0,0,0.431987276,0.263499766,0,0,0.087024056,0.002204149,0.00116648,5.318,1.036,-1.817,2.754,1.486,2.354,1.671,2.536,-0.07,2.906,0.633,1.565,3.093,-1.296,-1.162,0.152,-0.786,-0.683,-2.032,-0.08,-1.384,2.738,-0.347
TCGA.ZJ.AAXU.01A.11R.A42T.07,0.106256903,0,0.331670305,0,0,0.006620883,0,0.426033583,0.023559665,0,0.003063647,0.089006075,0.003124635,0.010664304,5.636,0.577,-0.035,3.381,1.756,1.98,1.2,2.608,-0.557,2.707,0.504,0.564,2.94,-0.508,-0.807,0.176,0.391,0.511,-0.136,-0.203,-0.787,2.206,-0.108
TCGA.ZJ.AB0I.01A.11R.A42T.07,0.021278169,0.182925703,0.163768932,0,0,0,0,0.307628956,0,0,0.238383763,0.082358749,0.00365573,0,5.603,0.315,1.123,-0.667,-1.125,-0.456,-0.924,0.47,0.992,1.774,-1.207,0.637,0.622,-1.361,-0.768,0.194,-1.495,-0.495,-1.203,0.237,0.116,2.28,-0.065
TCGA.ZX.AA5X.01A.11R.A42T.07,0.018887933,0.289658918,0.242058267,0,0,0.005315379,0,0.177583829,0.074583788,0,0.029292148,0.155038376,0.006414766,0.001166598,5.472,0.128,-2.275,1.153,2.126,0.703,0.504,0.773,0.023,1.416,0.412,-0.025,1.104,-0.503,0.123,-0.044,0.482,0.633,-0.453,0.12,0.657,1.085,0.825
